행정기관코드,시군구명,읍면동명,총인구,고령인구,위치코드,전체쉼터수,개방형쉼터수,평균용량,독거노인,고령비율,독거비율,취약도
1111051500,종로구,청운효자동,10682,2299,1111051500.0,9.0,7.0,45.22222222222222,554,0.21522186856393935,0.05186294701366785,-0.10896414428730355
1111053000,종로구,사직동,8874,2008,1111053000.0,5.0,4.0,47.0,548,0.22627901735406805,0.061753437006986704,0.19551009318169088
1111054000,종로구,삼청동,2048,606,1111054000.0,5.0,3.0,29.6,176,0.2958984375,0.0859375,1.380972145584579
1111055000,종로구,부암동,8868,2055,1111055000.0,3.0,1.0,25.0,463,0.2317320703653586,0.05221019395579612,0.06867773125343521
1111056000,종로구,평창동,16938,4139,1111056000.0,6.0,3.0,27.5,859,0.24436179005785807,0.05071437005549652,0.17073434489983338
1111057000,종로구,무악동,7694,1648,1111057000.0,5.0,2.0,66.0,353,0.21419287756693528,0.04587990642058747,-0.23453906862434903
1111058000,종로구,교남동,9473,1846,1111058000.0,5.0,2.0,38.0,479,0.19486962947323974,0.05056476301066188,-0.3446575185193831
1111060000,종로구,가회동,3532,905,1111060000.0,6.0,2.0,28.5,267,0.25622876557191393,0.07559456398640997,0.7715092915510178
1111061500,종로구,종로1.2.3.4가동,6625,1882,1111061500.0,14.0,10.0,39.285714285714285,1203,0.2840754716981132,0.18158490566037735,3.0956849941907185
1111063000,종로구,종로5.6가동,5388,1147,1111063000.0,7.0,4.0,27.428571428571427,499,0.21288047512991834,0.09261321455085375,0.649499599916677
1111064000,종로구,이화동,7061,1508,1111064000.0,7.0,3.0,60.57142857142857,491,0.21356748335929754,0.06953689279138932,0.2133758424095376
1111065000,종로구,혜화동,15719,2867,1111065000.0,12.0,7.0,27.916666666666668,790,0.18239073732425726,0.05025764997773395,-0.479782114718627
1111067000,종로구,창신제1동,4372,1378,1111067000.0,7.0,3.0,51.42857142857143,651,0.3151875571820677,0.1489021043000915,2.7901131765802925
1111068000,종로구,창신제2동,7078,2084,1111068000.0,7.0,4.0,35.0,793,0.29443345577846847,0.11203729867194123,1.8671129508864435
1111069000,종로구,창신제3동,6048,1515,1111069000.0,5.0,3.0,53.2,370,0.25049603174603174,0.06117724867724868,0.4352233430562748
1111070000,종로구,숭인제1동,5678,1435,1111070000.0,3.0,2.0,25.666666666666668,487,0.2527298344487496,0.08576963719619585,0.9307135185610809
1111071000,종로구,숭인제2동,10240,1941,1111071000.0,8.0,4.0,25.0,803,0.18955078125,0.07841796875,0.1352529391938615
1114052000,중구,소공동,2207,287,1114052000.0,2.0,1.0,55.5,89,0.1300407793384685,0.04032623470774807,-1.2126519611840307
1114054000,중구,회현동,4042,1330,1114054000.0,4.0,3.0,70.0,546,0.3290450272142504,0.1350816427511133,2.6681585222355215
1114055000,중구,명동,2494,749,1114055000.0,2.0,1.0,50.0,202,0.30032076984763434,0.0809943865276664,1.3318230290843442
1114057000,중구,필동,4311,974,1114057000.0,3.0,2.0,36.666666666666664,382,0.22593365808397123,0.08861053119925771,0.7077909412689506
1114058000,중구,장충동,4589,972,1114058000.0,8.0,6.0,30.375,317,0.21181085203748093,0.06907823055131837,0.18637521992583883
1114059000,중구,광희동,5722,1275,1114059000.0,5.0,3.0,27.2,540,0.22282418734708145,0.09437259699405802,0.7862654694312476
1114060500,중구,을지로동,3050,523,1114060500.0,2.0,1.0,27.5,310,0.17147540983606557,0.10163934426229508,0.39409683974780596
1114061500,중구,신당동,7276,1737,1114061500.0,7.0,5.0,48.285714285714285,724,0.23873007146783948,0.09950522264980759,1.0495643955731164
1114062500,중구,다산동,12837,3248,1114062500.0,8.0,5.0,85.5,919,0.25301861805717846,0.07158993534314871,0.661347620759908
1114063500,중구,약수동,15633,4475,1114063500.0,9.0,6.0,57.55555555555556,1343,0.2862534382396213,0.0859080150962707,1.2805265923794078
1114064500,중구,청구동,10631,2769,1114064500.0,5.0,1.0,34.0,768,0.26046467876963597,0.07224155770858809,0.7509716631321803
1114065000,중구,신당제5동,9945,2175,1114065000.0,6.0,4.0,33.333333333333336,753,0.2187028657616893,0.07571644042232277,0.38524909305707444
1114066500,중구,동화동,9737,2410,1114066500.0,9.0,4.0,47.111111111111114,411,0.24750949984594844,0.04221012632227585,0.0399854615669874
1114067000,중구,황학동,13198,2426,1114067000.0,5.0,3.0,26.2,849,0.18381572965600848,0.06432792847401121,-0.19477088079052293
1114068000,중구,중림동,11886,2351,1114068000.0,8.0,5.0,60.625,699,0.1977957260642773,0.058808682483594145,-0.1560112351553168
1117051000,용산구,후암동,15573,3357,1117051000.0,6.0,1.0,42.5,1053,0.21556540165671353,0.06761702947408978,0.1971896292317595
1117052000,용산구,용산2가동,8405,2165,1117052000.0,5.0,1.0,73.0,664,0.2575847709696609,0.07900059488399762,0.8509727533336386
1117053000,용산구,남영동,7029,1701,1117053000.0,4.0,2.0,41.0,1055,0.24199743918053776,0.15009247403613601,2.055053636220019
1117055500,용산구,청파동,18775,3659,1117055500.0,9.0,2.0,31.666666666666668,1212,0.1948868175765646,0.06455392809587217,-0.07578284902966911
1117056000,용산구,원효로제1동,17021,2276,1117056000.0,5.0,2.0,33.0,564,0.13371717290405968,0.033135538452499856,-1.3126960925854232
1117057000,용산구,원효로제2동,13321,2626,1117057000.0,7.0,1.0,23.857142857142858,620,0.19713234742136476,0.04654305232339914,-0.3984727886868479
1117058000,용산구,효창동,10377,1802,1117058000.0,6.0,2.0,32.833333333333336,339,0.17365327165847547,0.03266840127204394,-0.9081085613835842
1117059000,용산구,용문동,11024,2481,1117059000.0,3.0,1.0,30.0,629,0.2250544267053701,0.05705732946298984,0.09262837500393054
1117062500,용산구,한강로동,20860,3579,1117062500.0,7.0,1.0,38.0,828,0.1715723873441994,0.03969319271332694,-0.7947286765922833
1117063000,용산구,이촌제1동,24926,4822,1117063000.0,2.0,1.0,30.0,737,0.19345261975447325,0.029567519858781994,-0.7626356572537986
1117064000,용산구,이촌제2동,7695,1935,1117064000.0,2.0,1.0,60.0,437,0.25146198830409355,0.056790123456790124,0.36096070802875646
1117065000,용산구,이태원제1동,5398,1362,1117065000.0,6.0,3.0,56.333333333333336,380,0.25231567247128567,0.07039644312708411,0.6311442524888279
1117066000,용산구,이태원제2동,8336,1871,1117066000.0,4.0,1.0,51.0,490,0.22444817658349328,0.05878119001919386,0.11946135030495313
1117068500,용산구,한남동,13698,2758,1117068500.0,6.0,1.0,43.166666666666664,676,0.20134326179004233,0.049350270112425175,-0.30094688277828996
1117069000,용산구,서빙고동,12167,2459,1117069000.0,5.0,1.0,40.0,554,0.20210405194378236,0.04553299909591518,-0.36638866168149375
1117070000,용산구,보광동,5043,1267,1117070000.0,6.0,1.0,27.0,414,0.2512393416617093,0.08209399167162404,0.844678747707643
1120052000,성동구,왕십리제2동,15630,3001,1120052000.0,17.0,1.0,19.176470588235293,765,0.19200255918106207,0.04894433781190019,-0.4054718860583767
1120053500,성동구,왕십리도선동,25497,4609,1120053500.0,13.0,2.0,32.92307692307692,1185,0.18076636467035337,0.04647605600658901,-0.5692382877261597
1120054000,성동구,마장동,21369,4577,1120054000.0,19.0,3.0,21.526315789473685,1163,0.21418877813655296,0.054424633815339976,-0.0704587979419686
1120055000,성동구,사근동,12151,1672,1120055000.0,10.0,1.0,20.5,418,0.13760184346967327,0.03440046086741832,-1.2481722341386299
1120056000,성동구,행당제1동,15695,2748,1120056000.0,9.0,4.0,25.88888888888889,622,0.17508760751831792,0.03963045555909525,-0.7595316793858736
1120057000,성동구,행당제2동,22265,4552,1120057000.0,11.0,1.0,35.90909090909091,1013,0.20444644060184144,0.04549741747136762,-0.3428153844074443
1120058000,성동구,응봉동,14363,2716,1120058000.0,10.0,1.0,23.6,545,0.18909698530947575,0.03794471906983221,-0.6468356976166085
1120059000,성동구,금호1가동,14227,3118,1120059000.0,11.0,3.0,23.818181818181817,830,0.21916075068531665,0.0583397764813383,0.05622873043820985
1120061500,성동구,금호2.3가동,20564,4299,1120061500.0,12.0,1.0,27.25,1018,0.20905465862672631,0.04950398755106011,-0.21813864164238284
1120062000,성동구,금호4가동,13743,2918,1120062000.0,13.0,3.0,28.692307692307693,762,0.21232627519464456,0.055446409080986685,-0.07012029768002521
1120064500,성동구,옥수동,25166,4919,1120064500.0,18.0,3.0,24.0,953,0.19546213144719066,0.037868552809345944,-0.5823841036477415
1120065000,성동구,성수1가제1동,14776,2817,1120065000.0,15.0,4.0,18.266666666666666,679,0.19064699512723335,0.04595289658906335,-0.47696755256153767
1120066000,성동구,성수1가제2동,14275,2591,1120066000.0,12.0,1.0,24.916666666666668,541,0.1815061295971979,0.037898423817863396,-0.7263323597035014
1120067000,성동구,성수2가제1동,13300,3294,1120067000.0,9.0,1.0,17.555555555555557,995,0.24766917293233082,0.07481203007518797,0.6678395378316062
1120069000,성동구,성수2가제3동,9330,2047,1120069000.0,11.0,1.0,21.0,413,0.21939978563772777,0.04426580921757771,-0.2116214462728178
1120072000,성동구,송정동,9005,2055,1120072000.0,8.0,2.0,31.875,661,0.22820655191560243,0.07340366463076069,0.43924233508485394
1120079000,성동구,용답동,13161,2514,1120079000.0,7.0,2.0,26.142857142857142,960,0.19101891953498976,0.07294278550262139,0.04529181142323535
1121571000,광진구,화양동,22998,2570,1121571000.0,5.0,1.0,26.6,811,0.11174884772588921,0.0352639359944343,-1.499308905441688
1121573000,광진구,군자동,18475,3614,1121573000.0,8.0,2.0,87.75,1085,0.19561569688768607,0.05872801082543978,-0.180136124711715
1121574000,광진구,중곡제1동,14776,3092,1121574000.0,3.0,1.0,31.666666666666668,923,0.20925825663237682,0.06246616134271792,0.0329404841738917
1121575000,광진구,중곡제2동,19686,4178,1121575000.0,5.0,3.0,38.0,1156,0.21223204307629787,0.05872193436960276,-0.008181520045169546
1121576000,광진구,중곡제3동,15204,3615,1121576000.0,5.0,3.0,34.8,1221,0.2377663772691397,0.0803078137332281,0.6708508749550831
1121577000,광진구,중곡제4동,26778,6657,1121577000.0,3.0,1.0,40.666666666666664,1687,0.24859959668384496,0.06299947718276197,0.45058515125305265
1121578000,광진구,능동,10614,1906,1121578000.0,2.0,1.0,45.0,478,0.17957414735255323,0.04503485961937064,-0.6092661054881703
1121581000,광진구,광장동,32836,4676,1121581000.0,9.0,6.0,52.111111111111114,765,0.14240467779266658,0.02329760019490803,-1.411694296783008
1121582000,광진구,자양제1동,21442,4299,1121582000.0,5.0,1.0,23.8,1299,0.200494356869695,0.060582035257905044,-0.0940037961748825
1121583000,광진구,자양제2동,26275,5036,1121583000.0,12.0,3.0,37.25,1044,0.1916650808753568,0.03973358705994291,-0.5858820138895326
1121584000,광진구,자양제3동,26564,5307,1121584000.0,15.0,3.0,27.266666666666666,966,0.19978165938864628,0.03636500527029062,-0.5665324050167682
1121584700,광진구,자양제4동,19873,4524,1121584700.0,7.0,2.0,30.285714285714285,1400,0.22764554923765914,0.07044734061289186,0.37664929772561934
1121585000,광진구,구의제1동,23190,3948,1121585000.0,5.0,1.0,33.0,1121,0.1702457956015524,0.048339801638637346,-0.6423866463943956
1121586000,광진구,구의제2동,24774,5426,1121586000.0,6.0,2.0,35.0,1363,0.21901994025994995,0.05501735690643417,-0.00904476209469647
1121587000,광진구,구의제3동,27420,5174,1121587000.0,6.0,3.0,30.0,909,0.1886943836615609,0.033150984682713346,-0.7430804379517839
1123051500,동대문구,신설동,16383,2689,1123051500.0,1.0,1.0,20.0,880,0.1641335530733077,0.05371421595556369,-0.6024532660865459
1123053300,동대문구,용두동,22698,4812,,0.0,0.0,,1696,0.2120010573618821,0.07472023966869328,0.29671370469134534
1123054500,동대문구,제기동,22176,5921,1123054500.0,11.0,2.0,34.54545454545455,2068,0.26700036075036077,0.09325396825396826,1.222247769499099
1123056000,동대문구,전농제1동,32499,6819,1123056000.0,8.0,2.0,28.625,2195,0.20982184067202067,0.06754053970891412,0.13624274987967652
1123057000,동대문구,전농제2동,17148,4317,1123057000.0,8.0,2.0,30.375,975,0.2517494751574528,0.056857942617214836,0.3652404265314387
1123060000,동대문구,답십리제1동,27536,4894,1123060000.0,8.0,3.0,28.625,1150,0.17773097036606625,0.041763509587449156,-0.6911876138094256
1123061000,동대문구,답십리제2동,27164,6694,1123061000.0,12.0,3.0,33.416666666666664,1764,0.2464290973347077,0.0649388897069651,0.4653596847071538
1123065000,동대문구,장안제1동,37060,8171,1123065000.0,9.0,3.0,35.111111111111114,1968,0.22048030221262818,0.05310307609282245,-0.03069043825124898
1123066000,동대문구,장안제2동,32945,6522,1123066000.0,4.0,2.0,33.75,1637,0.19796630748216726,0.04968887539839126,-0.3294133286282417
1123070500,동대문구,청량리동,18173,6097,1123070500.0,9.0,2.0,53.666666666666664,2245,0.33549771639245035,0.12353491443350025,2.5131960244338716
1123071000,동대문구,회기동,10311,1635,1123071000.0,2.0,1.0,37.5,490,0.15856851905731742,0.04752206381534284,-0.7790178942079884
1123072000,동대문구,휘경제1동,16799,2658,1123072000.0,5.0,1.0,38.0,602,0.15822370379189238,0.03583546639680933,-1.007058787748875
1123073000,동대문구,휘경제2동,23520,4715,1123073000.0,3.0,2.0,26.666666666666668,1084,0.20046768707482993,0.04608843537414966,-0.37266557752901647
1123074000,동대문구,이문제1동,30528,4305,1123074000.0,7.0,2.0,29.428571428571427,936,0.1410180817610063,0.030660377358490566,-1.2846328228846198
1123075000,동대문구,이문제2동,17908,4380,1123075000.0,6.0,2.0,199.66666666666666,1118,0.2445834264016082,0.06243019879383516,0.39806111372760855
1126052000,중랑구,면목제2동,22849,5808,1126052000.0,7.0,2.0,34.857142857142854,1925,0.254190555385356,0.08424876362204035,0.9166279234950836
1126054000,중랑구,면목제4동,17451,4552,1126054000.0,10.0,3.0,34.5,1416,0.2608446507363475,0.08114148186350352,0.9258516388023381
1126055000,중랑구,면목제5동,13753,2874,1126055000.0,4.0,1.0,65.75,722,0.20897258779902567,0.05249763687922635,-0.16148805547446354
1126056500,중랑구,면목본동,31534,7576,1126056500.0,8.0,3.0,35.5,2615,0.2402486205365637,0.08292636519312488,0.7468516440837258
1126057000,중랑구,면목제7동,20402,5346,1126057000.0,8.0,3.0,40.75,1419,0.26203313400646994,0.06955200470542104,0.7155543229429503
1126057500,중랑구,면목제3.8동,23424,6270,1126057500.0,10.0,3.0,24.7,2022,0.2676741803278688,0.0863217213114754,1.096074509791984
1126058000,중랑구,상봉제1동,22746,5048,1126058000.0,13.0,3.0,32.15384615384615,1339,0.22192913039655324,0.05886749318561505,0.09503292131882335
1126059000,중랑구,상봉제2동,21862,3751,1126059000.0,7.0,4.0,30.285714285714285,1310,0.17157625102918306,0.059921324672948494,-0.4061571266033548
1126060000,중랑구,중화제1동,17843,4541,1126060000.0,6.0,3.0,36.5,1128,0.2544975620691588,0.06321806871041866,0.5158603897588016
1126061000,중랑구,중화제2동,25530,6453,1126061000.0,8.0,3.0,56.5,2443,0.2527614571092832,0.09569134351743047,1.121612012913327
1126062000,중랑구,묵제1동,32844,7328,1126062000.0,12.0,5.0,24.416666666666668,1503,0.22311533308975764,0.04576178297405919,-0.14441103465578267
1126063000,중랑구,묵제2동,17541,4431,1126063000.0,9.0,1.0,36.0,1247,0.25260817513254663,0.07109058776580583,0.6475060495899729
1126065500,중랑구,망우본동,37965,8583,1126065500.0,17.0,4.0,38.529411764705884,2819,0.22607664954563414,0.07425260107994205,0.4334919696186701
1126066000,중랑구,망우제3동,15146,4252,1126066000.0,4.0,2.0,34.75,1534,0.2807341872441569,0.10128086623530966,1.5186455475080598
1126068000,중랑구,신내1동,36588,8901,1126068000.0,21.0,3.0,29.61904761904762,1767,0.24327648409314528,0.04829452279435881,0.11301623055348475
1126069000,중랑구,신내2동,18908,5068,1126069000.0,9.0,4.0,176.44444444444446,1533,0.26803469430928706,0.0810767928918976,0.9990659450064201
1129052500,성북구,성북동,15513,3386,1129052500.0,10.0,5.0,23.0,897,0.21826854895893766,0.057822471475536645,0.0370533673565761
1129055500,성북구,삼선동,21574,4531,1129055500.0,18.0,8.0,53.55555555555556,1331,0.21002132196162046,0.0616946324279225,0.026023311419193278
1129057500,성북구,동선동,14889,2370,1129057500.0,11.0,5.0,43.72727272727273,716,0.15917791658271208,0.04808919336422862,-0.7618141185521636
1129058000,성북구,돈암제1동,13651,3417,1129058000.0,10.0,1.0,32.0,873,0.2503113325031133,0.06395135887480771,0.4865943615292557
1129059000,성북구,돈암제2동,22781,4262,1129059000.0,14.0,5.0,36.42857142857143,748,0.18708572933585005,0.03283437952679865,-0.7658201187157541
1129060000,성북구,안암동,15621,2382,1129060000.0,9.0,3.0,24.444444444444443,710,0.15248703668139044,0.04545163561871839,-0.8817626760195931
1129061000,성북구,보문동,15700,2983,1129061000.0,10.0,4.0,62.7,855,0.19,0.05445859872611465,-0.32029439414645067
1129062000,성북구,정릉제1동,17474,3689,1129062000.0,20.0,8.0,35.0,781,0.21111365457250772,0.04469497539201099,-0.28918564528189117
1129063000,성북구,정릉제2동,21445,5292,1129063000.0,12.0,2.0,26.25,1180,0.24677080904639775,0.05502448123105619,0.27846744444228255
1129064000,성북구,정릉제3동,13856,3403,1129064000.0,9.0,4.0,85.11111111111111,946,0.24559757505773672,0.06827367205542725,0.5208016001242646
1129065000,성북구,정릉제4동,23406,5800,1129065000.0,13.0,2.0,37.23076923076923,1466,0.2477997094762027,0.06263351277450227,0.4352726275539143
1129066000,성북구,길음제1동,35307,5392,1129066000.0,20.0,4.0,31.95,1049,0.1527175914124678,0.029710822216557624,-1.1817165920979844
1129068500,성북구,길음제2동,21358,3578,1129068500.0,10.0,5.0,143.0,770,0.16752504916190655,0.03605206480007491,-0.9065779780969054
1129070500,성북구,종암동,36707,8147,1129070500.0,27.0,9.0,56.18518518518518,2096,0.22194676764649796,0.05710082545563516,0.061282320882271625
1129071500,성북구,월곡제1동,24433,5688,1129071500.0,14.0,4.0,116.5,1431,0.23279990177219334,0.05856832971800434,0.2018595039980798
1129072500,성북구,월곡제2동,18413,4277,1129072500.0,20.0,9.0,54.5,1105,0.23228154021615163,0.060011948080160755,0.22421986556982537
1129076000,성북구,장위제1동,22526,4974,1129076000.0,9.0,5.0,47.333333333333336,1469,0.220811506703365,0.06521353103080885,0.2053507452120022
1129077000,성북구,장위제2동,15678,3847,1129077000.0,5.0,2.0,82.0,1120,0.24537568567419313,0.07143768337798188,0.5792765144040288
1129078000,성북구,장위제3동,18710,3148,1129078000.0,10.0,3.0,33.0,653,0.16825227151256014,0.03490112239444147,-0.9211539033246698
1129081000,성북구,석관동,32720,8544,1129081000.0,18.0,8.0,44.72222222222222,2377,0.26112469437652813,0.07264669926650366,0.7655882347082789
1130553400,강북구,삼양동,24226,6183,1130553400.0,11.0,3.0,24.181818181818183,1998,0.2552216626764633,0.08247337571204491,0.8932048647918029
1130553500,강북구,미아동,20128,5465,1130553500.0,8.0,3.0,29.375,1969,0.2715123211446741,0.09782392686804452,1.35674898882834
1130554500,강북구,송중동,27189,7045,1130554500.0,12.0,2.0,20.833333333333332,2002,0.2591121409393505,0.07363271911434771,0.7636861086895996
1130555500,강북구,송천동,22649,6715,1130555500.0,7.0,2.0,26.142857142857142,2355,0.2964810808424213,0.10397810057839198,1.7335202982699776
1130557500,강북구,삼각산동,29803,5533,1130557500.0,3.0,1.0,33.333333333333336,1429,0.1856524510955273,0.047948193134919305,-0.4903641489566106
1130559500,강북구,번1동,15932,3882,1130559500.0,8.0,2.0,25.0,1322,0.24366055736881748,0.08297765503389405,0.7831692577979279
1130560300,강북구,번2동,14155,4706,1130560300.0,10.0,5.0,35.3,1568,0.33246202755210175,0.11077357824090428,2.236646640130346
1130560800,강북구,번3동,15343,5274,1130560800.0,7.0,3.0,26.428571428571427,1826,0.3437398162028287,0.11901192726324708,2.511672250796532
1130561500,강북구,수유1동,19241,5360,1130561500.0,6.0,1.0,29.833333333333332,1731,0.27857179980250507,0.0899641390780105,1.278886981251269
1130562500,강북구,수유2동,19775,5954,1130562500.0,4.0,1.0,31.25,1543,0.3010872313527181,0.07802781289506953,1.2827797372810612
1130563500,강북구,수유3동,22303,5651,1130563500.0,5.0,2.0,32.6,1903,0.25337398556248036,0.0853248441913644,0.9288406993761031
1130564500,강북구,우이동,19364,5798,1130564500.0,6.0,1.0,27.833333333333332,1715,0.2994216071059698,0.0885664118983681,1.4679512720570078
1130566000,강북구,인수동,27933,8378,1130566000.0,9.0,2.0,25.555555555555557,2540,0.29993198009522787,0.09093187269537822,1.5186710150045304
1132051100,도봉구,창제1동,22638,5545,1132051100.0,11.0,4.0,41.27272727272727,1367,0.24494213269723475,0.060385193038254265,0.36249629566117875
1132051200,도봉구,창제2동,27471,6793,1132051200.0,10.0,1.0,60.8,1619,0.24727894870954825,0.05893487677914892,0.35883837100361743
1132051300,도봉구,창제3동,12554,3542,1132051300.0,8.0,1.0,54.5,1084,0.28214115023100206,0.086346981041899,1.2463730412723488
1132051400,도봉구,창제4동,25856,5528,1132051400.0,10.0,1.0,68.2,1160,0.21379950495049505,0.04486386138613861,-0.25812832606407965
1132051500,도봉구,창제5동,23234,5604,1132051500.0,15.0,1.0,51.333333333333336,1222,0.24119824395282774,0.05259533442368942,0.17410269606631018
1132052100,도봉구,도봉제1동,19352,6879,1132052100.0,13.0,2.0,57.53846153846154,2333,0.35546713517982637,0.12055601488218272,2.662773068007798
1132052200,도봉구,도봉제2동,25568,7941,1132052200.0,17.0,3.0,49.88235294117647,1955,0.3105835419274093,0.0764627659574468,1.351058591848261
1132066000,도봉구,쌍문제1동,20495,5692,1132066000.0,14.0,1.0,44.57142857142857,1472,0.27772627470114664,0.07182239570626982,0.9216738460452456
1132067000,도봉구,쌍문제2동,17257,4831,1132067000.0,6.0,1.0,74.0,1435,0.2799443704004172,0.08315466187634003,1.1623077670153488
1132068000,도봉구,쌍문제3동,15893,4218,1132068000.0,6.0,1.0,62.166666666666664,1188,0.265399861574278,0.07474988988863021,0.8502569224833239
1132068100,도봉구,쌍문제4동,17534,4226,1132068100.0,11.0,1.0,43.45454545454545,796,0.24101745180791606,0.04539751340253222,0.03397845623429005
1132069000,도봉구,방학제1동,27706,7405,1132069000.0,13.0,3.0,37.76923076923077,2075,0.26727062730094564,0.07489352486825958,0.8723885875626964
1132070000,도봉구,방학제2동,17426,5400,1132070000.0,8.0,1.0,52.25,1894,0.3098817858372547,0.10868816710662228,1.9627604315644314
1132071000,도봉구,방학제3동,25241,6700,1132071000.0,14.0,2.0,33.714285714285715,1203,0.2654411473396458,0.047660552276058796,0.33036641559047103
1135056000,노원구,월계1동,20226,4778,1135056000.0,19.0,2.0,28.210526315789473,1169,0.2362305942845842,0.05779689508553347,0.2225688750919842
1135057000,노원구,월계2동,24513,6976,1135057000.0,20.0,2.0,30.6,2290,0.2845836902867866,0.09341981805572554,1.4075182845862115
1135058000,노원구,월계3동,27597,7209,1135058000.0,16.0,3.0,33.0,2102,0.26122404609196653,0.0761676993876146,0.8342466325565623
1135059500,노원구,공릉1동,35241,8080,1135059500.0,24.0,3.0,33.541666666666664,2479,0.2292783973213019,0.07034420135637467,0.3915772835658387
1135060000,노원구,공릉2동,40662,7095,1135060000.0,27.0,2.0,29.48148148148148,1493,0.17448723624022427,0.03671732821799223,-0.8217027005321562
1135061100,노원구,하계1동,25321,5559,1135061100.0,16.0,3.0,30.75,1923,0.2195410923739189,0.07594486789621263,0.39831690358786814
1135061200,노원구,하계2동,19450,3604,1135061200.0,7.0,1.0,26.285714285714285,840,0.1852956298200514,0.043187660668380465,-0.585497083203405
1135061900,노원구,중계본동,21967,2983,1135061900.0,20.0,2.0,28.1,597,0.13579460099239768,0.027177129330359175,-1.4056292461733586
1135062100,노원구,중계1동,25735,3188,1135062100.0,10.0,1.0,27.8,691,0.12387798717699632,0.026850592578200893,-1.5353042246684327
1135062400,노원구,중계4동,18526,4619,1135062400.0,17.0,2.0,31.11764705882353,1522,0.2493252725898737,0.08215480945697938,0.8260256762942826
1135062500,노원구,중계2.3동,31117,8613,1135062500.0,12.0,1.0,38.0,3069,0.2767940354147251,0.09862775974547675,1.4268836256708721
1135063000,노원구,상계1동,35842,9273,1135063000.0,30.0,3.0,30.933333333333334,2158,0.2587188214943362,0.06020869371128843,0.5017713061422335
1135064000,노원구,상계2동,18534,4372,1135064000.0,14.0,1.0,28.857142857142858,1180,0.23589079529513327,0.06366677457645409,0.33179569317977997
1135066500,노원구,상계3.4동,26412,7303,1135066500.0,18.0,2.0,31.666666666666668,2474,0.2765031046494018,0.09366954414660003,1.3286360277748923
1135067000,노원구,상계5동,21990,6142,1135067000.0,13.0,2.0,31.384615384615383,1936,0.2793087767166894,0.0880400181900864,1.2495612558101867
1135069500,노원구,상계6.7동,30043,6042,1135069500.0,17.0,3.0,29.705882352941178,1554,0.2011117398395633,0.051725859601238225,-0.2577153194537956
1135070000,노원구,상계8동,21217,3544,1135070000.0,5.0,2.0,28.0,783,0.1670358674647688,0.03690436913795541,-0.8952730983876634
1135071000,노원구,상계9동,18840,4308,1135071000.0,6.0,2.0,28.333333333333332,1020,0.2286624203821656,0.054140127388535034,0.07395900048873566
1135072000,노원구,상계10동,17820,3407,1135072000.0,6.0,1.0,28.333333333333332,690,0.19118967452300786,0.03872053872053872,-0.6102632163853321
1138051000,은평구,녹번동,35083,8584,1138051000.0,16.0,4.0,25.0625,2625,0.24467690904426645,0.07482256363480888,0.6370553381410324
1138052000,은평구,불광제1동,33687,8384,1138052000.0,20.0,2.0,25.65,2260,0.2488793896755425,0.06708819425891294,0.5320165316779495
1138053000,은평구,불광제2동,26127,7343,1138053000.0,8.0,1.0,25.0,2529,0.2810502545259693,0.09679641749913882,1.4357836149769856
1138055100,은평구,갈현제1동,13930,3566,1138055100.0,6.0,1.0,37.666666666666664,994,0.25599425699928213,0.07135678391959799,0.6876837308143346
1138055200,은평구,갈현제2동,26568,6267,1138055200.0,8.0,1.0,30.0,1615,0.23588527551942187,0.06078741342968985,0.2764332471102852
1138056000,은평구,구산동,30565,7607,1138056000.0,13.0,2.0,36.07692307692308,1739,0.2488794372648454,0.05689514150171765,0.3362341174432883
1138057000,은평구,대조동,26878,6077,1138057000.0,7.0,2.0,33.285714285714285,1996,0.22609569164372348,0.07426147778852593,0.4338596601655579
1138058000,은평구,응암제1동,31935,6359,1138058000.0,9.0,2.0,25.555555555555557,1555,0.1991232190386723,0.04869265695944888,-0.33656772975996274
1138059000,은평구,응암제2동,26751,4749,1138059000.0,11.0,1.0,28.181818181818183,1124,0.17752607379163396,0.04201712085529513,-0.6884381948735172
1138060000,은평구,응암제3동,22707,6558,1138060000.0,6.0,2.0,56.5,2258,0.28880961817941603,0.099440701105386,1.5669260907233098
1138062500,은평구,역촌동,44223,10616,1138062500.0,6.0,1.0,25.833333333333332,2799,0.24005607941568866,0.06329285665829998,0.36774745690686284
1138063100,은평구,신사제1동,25594,6342,1138063100.0,15.0,3.0,27.333333333333332,1425,0.2477924513557865,0.05567711182308353,0.3015824994416408
1138063200,은평구,신사제2동,19371,4704,1138063200.0,12.0,2.0,27.083333333333332,1219,0.2428372309121883,0.06292912085075629,0.3895613459113587
1138064000,은평구,증산동,15140,3451,1138064000.0,11.0,2.0,32.09090909090909,709,0.22793923381770145,0.046829590488771465,-0.07394701761587
1138065000,은평구,수색동,21088,3769,1138065000.0,11.0,1.0,26.363636363636363,823,0.1787272382397572,0.039026934749620636,-0.7334334370767055
1138069000,은평구,진관동,53565,10517,1138069000.0,41.0,4.0,29.926829268292682,1733,0.19634089424064222,0.03235321571921964,-0.6792197900797348
1141052000,서대문구,천연동,16246,3659,1141052000.0,10.0,2.0,22.9,1131,0.2252246706881694,0.06961713652591407,0.33563364886933167
1141055500,서대문구,북아현동,15076,2587,1141055500.0,5.0,2.0,21.4,769,0.17159724064738657,0.05100822499336694,-0.5771379952914262
1141056500,서대문구,충현동,19097,3913,1141056500.0,7.0,3.0,438.57142857142856,1081,0.2049012933968686,0.05660574959417709,-0.12474201423737177
1141058500,서대문구,신촌동,20650,2310,1141058500.0,5.0,2.0,27.8,711,0.11186440677966102,0.034430992736077484,-1.5141109735462126
1141061500,서대문구,연희동,33030,6641,1141061500.0,14.0,4.0,23.214285714285715,1723,0.20105964274901605,0.052164698758704206,-0.2498258167150876
1141062000,서대문구,홍제제1동,24256,5637,1141062000.0,13.0,2.0,26.846153846153847,1367,0.23239610817941952,0.056357189973614774,0.15520756806021685
1141064000,서대문구,홍제제3동,17157,4414,1141064000.0,9.0,2.0,21.555555555555557,1195,0.2572710846884653,0.06965087136445766,0.6681396875426077
1141065500,서대문구,홍제제2동,11803,2975,1141065500.0,9.0,1.0,25.77777777777778,757,0.25205456239939,0.06413623655002966,0.5081974920511441
1141066000,서대문구,홍은제1동,23322,5682,1141066000.0,15.0,5.0,27.8,1359,0.24363262155904297,0.05827116027784924,0.3083303419954984
1141068500,서대문구,홍은제2동,27047,6188,1141068500.0,10.0,2.0,24.0,1415,0.22878692646134507,0.052316338226050946,0.04021792595274082
1141069000,서대문구,남가좌제1동,17264,2663,1141069000.0,7.0,3.0,33.0,507,0.1542516218721038,0.029367469879518073,-1.172425805714507
1141070000,서대문구,남가좌제2동,28277,5569,1141070000.0,14.0,3.0,31.928571428571427,1558,0.19694451320861478,0.05509778265021042,-0.23610306061608544
1141071000,서대문구,북가좌제1동,17095,3527,1141071000.0,10.0,1.0,25.3,689,0.20631763673588768,0.0403041825095057,-0.42318711110720797
1141072000,서대문구,북가좌제2동,29490,7586,1141072000.0,7.0,1.0,23.0,1987,0.2572397422855205,0.06737877246524246,0.6241738145566347
1144055500,마포구,아현동,28566,4137,1144055500.0,3.0,1.0,23.0,921,0.14482251627809284,0.03224112581390464,-1.214873628528611
1144056500,마포구,공덕동,35843,6924,1144056500.0,11.0,1.0,34.18181818181818,1998,0.1931757944368496,0.05574310186089334,-0.26273523785865194
1144058500,마포구,도화동,20213,4178,1144058500.0,7.0,1.0,25.714285714285715,1006,0.20669865927868203,0.04976995003215752,-0.23742782820058456
1144059000,마포구,용강동,21165,3412,1144059000.0,3.0,1.0,33.333333333333336,826,0.16120954405858728,0.039026695015355536,-0.914843309426369
1144060000,마포구,대흥동,14221,2118,1144060000.0,6.0,2.0,17.833333333333332,756,0.1489346740735532,0.05316081850784052,-0.7704753122755783
1144061000,마포구,염리동,16740,2333,1144061000.0,4.0,1.0,18.75,645,0.1393667861409797,0.03853046594982079,-1.1505682808492734
1144063000,마포구,신수동,21955,3869,1144063000.0,4.0,1.0,20.0,834,0.17622409473923936,0.037986791163744024,-0.7793333940801292
1144065500,마포구,서강동,24345,3955,1144065500.0,6.0,1.0,28.666666666666668,867,0.16245635654138427,0.03561306223043746,-0.9674991870623397
1144066000,마포구,서교동,23436,3619,1144066000.0,7.0,2.0,23.285714285714285,971,0.1544205495818399,0.04143198498037208,-0.9389474754626668
1144068000,마포구,합정동,15446,2851,1144068000.0,4.0,1.0,34.25,742,0.18457853165868185,0.04803832707497087,-0.4997539235500966
1144069000,마포구,망원제1동,18336,3834,1144069000.0,3.0,1.0,23.666666666666668,998,0.20909685863874344,0.05442844677137871,-0.12311516134821915
1144070000,마포구,망원제2동,17062,3525,1144070000.0,3.0,1.0,39.0,756,0.20659946079005978,0.04430899073965537,-0.3433463758173837
1144071000,마포구,연남동,13825,2568,1144071000.0,5.0,1.0,35.6,632,0.185750452079566,0.045714285714285714,-0.5322570384497461
1144072000,마포구,성산제1동,18300,3460,1144072000.0,5.0,1.0,22.0,840,0.18907103825136612,0.04590163934426229,-0.4942719674180439
1144073000,마포구,성산제2동,37924,7196,1144073000.0,8.0,2.0,30.625,2088,0.18974791688640438,0.05505748338782829,-0.3114017840294259
1144074000,마포구,상암동,29110,5020,1144074000.0,5.0,1.0,49.0,952,0.1724493301271041,0.032703538302988666,-0.9199011379095628
1147051000,양천구,목1동,29799,4131,1147051000.0,12.0,1.0,31.5,692,0.1386288130474177,0.023222255780395315,-1.4522426101824903
1147052000,양천구,목2동,27731,5381,1147052000.0,15.0,3.0,38.13333333333333,1161,0.19404276802134796,0.04186650319137428,-0.5202918136096635
1147053000,양천구,목3동,20469,4442,1147053000.0,7.0,3.0,26.142857142857142,1086,0.21701108994088622,0.05305584053935219,-0.06752329768540799
1147054000,양천구,목4동,23485,4023,1147054000.0,7.0,2.0,28.571428571428573,1012,0.17130083031722376,0.04309133489461359,-0.7322710328846934
1147055000,양천구,목5동,40354,6036,1147055000.0,11.0,2.0,26.545454545454547,653,0.1495762501858552,0.016181791148337215,-1.4741055521664335
1147056000,양천구,신월1동,18426,5372,1147056000.0,5.0,2.0,35.0,1799,0.29154455660479756,0.09763377835666992,1.5605414267987379
1147057000,양천구,신월2동,20385,5086,1147057000.0,12.0,1.0,47.25,1168,0.2494971792985038,0.057297032131469215,0.3503504809823842
1147058000,양천구,신월3동,13463,3730,1147058000.0,6.0,1.0,38.0,1514,0.27705563395974153,0.11245636188071009,1.6952052880106614
1147059000,양천구,신월4동,16571,4158,1147059000.0,14.0,2.0,39.07142857142857,824,0.2509202824210971,0.04972542393337759,0.21965593895664898
1147060000,양천구,신월5동,13608,3152,1147060000.0,8.0,2.0,30.625,851,0.23162845385067607,0.06253674309229865,0.2659517625283174
1147061000,양천구,신월6동,13574,2444,1147061000.0,11.0,2.0,37.81818181818182,481,0.18005009577132755,0.035435391189037865,-0.7887190453393159
1147061100,양천구,신월7동,17819,5235,1147061100.0,10.0,3.0,47.4,1647,0.2937875301644312,0.09242942926090128,1.4838061833423177
1147062000,양천구,신정1동,19342,3311,1147062000.0,6.0,1.0,69.16666666666667,597,0.17118188398304207,0.03086547409781822,-0.9683308237811299
1147063000,양천구,신정2동,18612,3339,1147063000.0,13.0,2.0,28.76923076923077,776,0.17940038684719536,0.041693531055233185,-0.6752440081774528
1147064000,양천구,신정3동,45089,9324,1147064000.0,26.0,2.0,49.84615384615385,2110,0.20679101332919336,0.04679633613519927,-0.2935870957509002
1147065000,양천구,신정4동,31091,7384,1147065000.0,8.0,2.0,56.25,2197,0.23749638158952752,0.07066353607153196,0.48281260490658484
1147067000,양천구,신정6동,23826,3732,1147067000.0,9.0,5.0,40.55555555555556,450,0.15663560815915387,0.018886930244270964,-1.3490431357319608
1147068000,양천구,신정7동,27603,6289,1147068000.0,13.0,2.0,35.30769230769231,1896,0.22783755388907004,0.06868818606673188,0.34484867609915726
1150051000,강서구,염창동,40993,5803,1150051000.0,25.0,2.0,36.08,799,0.14156075427512013,0.019491132632400654,-1.4935462528913122
1150052000,강서구,등촌제1동,24846,3729,1150052000.0,10.0,1.0,23.0,937,0.15008452064718666,0.03771230781614747,-1.055295060552375
1150053000,강서구,등촌제2동,18886,4065,1150053000.0,9.0,1.0,26.77777777777778,732,0.21523880122842318,0.03875886900349465,-0.36048517799569224
1150053500,강서구,등촌제3동,28460,8409,1150053500.0,19.0,7.0,69.89473684210526,3590,0.2954673225579761,0.12614195361911454,2.1487341517805736
1150054000,강서구,화곡제1동,49621,10632,1150054000.0,5.0,1.0,44.8,2890,0.21426412204510187,0.05824147034521674,0.0036332593434499055
1150055000,강서구,화곡제2동,16671,3562,1150055000.0,1.0,0.0,28.0,994,0.21366444724371664,0.05962449763061604,0.023987775763971247
1150056000,강서구,화곡제3동,20440,5175,1150056000.0,2.0,1.0,24.0,1025,0.25318003913894327,0.05014677103718199,0.2511499691242566
1150057000,강서구,화곡제4동,18975,4840,1150057000.0,5.0,2.0,29.2,1308,0.25507246376811593,0.06893280632411067,0.6315795465780958
1150059000,강서구,화곡본동,31632,6302,1150059000.0,3.0,0.0,26.333333333333332,1826,0.19922862923621648,0.05772635306019221,-0.16196156817165086
1150059100,강서구,화곡제6동,25262,5081,1150059100.0,5.0,2.0,24.2,1289,0.20113213522286438,0.05102525532420236,-0.2709609602283243
1150059300,강서구,화곡제8동,22275,5412,1150059300.0,2.0,1.0,29.0,1372,0.24296296296296296,0.06159371492704826,0.36521358066958465
1150060300,강서구,가양제1동,33337,4266,1150060300.0,12.0,1.0,80.58333333333333,733,0.12796592374838767,0.021987581366049735,-1.5863776286712867
1150060400,강서구,가양제2동,12833,5045,1150060400.0,4.0,3.0,153.0,2345,0.3931270942102392,0.18273201901348088,4.2470071238538365
1150060500,강서구,가양제3동,13315,4207,1150060500.0,3.0,3.0,28.666666666666668,1625,0.3159594442358243,0.1220428088621855,2.28220697569163
1150061100,강서구,발산제1동,34552,6251,1150061100.0,12.0,0.0,24.666666666666668,1389,0.1809157212317666,0.040200277842093075,-0.6882335335664773
1150061500,강서구,우장산동,43623,7595,1150061500.0,26.0,9.0,63.23076923076923,1252,0.1741054031130367,0.02870045618137221,-0.97964073929383
1150062000,강서구,공항동,28549,5026,1150062000.0,8.0,1.0,61.875,1339,0.1760481978353007,0.04690181792707275,-0.6099196603041582
1150063000,강서구,방화제1동,40479,8607,1150063000.0,13.0,2.0,31.76923076923077,1693,0.2126287704735789,0.041824155735072505,-0.32863701987204846
1150064000,강서구,방화제2동,22537,6003,1150064000.0,11.0,2.0,32.63636363636363,2039,0.26636198251763765,0.09047344367040866,1.1622301310946586
1150064100,강서구,방화제3동,21229,6406,1150064100.0,15.0,4.0,88.0,2271,0.30175703047717745,0.1069763059965142,1.8457436166412728
1153051000,구로구,신도림동,35683,5853,1153051000.0,21.0,4.0,58.476190476190474,807,0.1640276882549113,0.022615811450830928,-1.2008716892934488
1153052000,구로구,구로제1동,20001,3575,1153052000.0,16.0,3.0,43.375,529,0.17874106294685266,0.026448677566121695,-0.9748869597820923
1153053000,구로구,구로제2동,21641,6472,1153053000.0,24.0,7.0,75.95833333333333,2200,0.2990619657132295,0.10165888822143154,1.7157005309313687
1153054000,구로구,구로제3동,22656,4127,1153054000.0,15.0,4.0,47.666666666666664,1036,0.1821592514124294,0.0457274011299435,-0.569193963853876
1153055000,구로구,구로제4동,17563,5224,1153055000.0,16.0,3.0,42.125,1800,0.29744348915333374,0.10248818538973979,1.714869037184727
1153056000,구로구,구로제5동,28476,5861,1153056000.0,22.0,6.0,49.0,1460,0.20582244697288946,0.05127124596151145,-0.21766536511361406
1153059500,구로구,가리봉동,8855,2231,1153059500.0,5.0,2.0,58.2,1073,0.2519480519480519,0.12117447769621682,1.6026556745562615
1153072000,구로구,고척제1동,26227,5424,1153072000.0,22.0,4.0,28.318181818181817,1158,0.20680977618484767,0.04415297212795974,-0.3441651704455033
1153073000,구로구,고척제2동,24759,6498,1153073000.0,15.0,3.0,70.6,1746,0.262450018175209,0.07051981097782624,0.7384605100227055
1153074000,구로구,개봉제1동,33189,8087,1153074000.0,19.0,5.0,40.89473684210526,2159,0.2436650697520263,0.06505167374732593,0.4389029708781372
1153075000,구로구,개봉제2동,29050,7899,1153075000.0,14.0,2.0,73.28571428571429,1483,0.2719104991394148,0.05104991394148021,0.46246119131703184
1153076000,구로구,개봉제3동,18530,5251,1153076000.0,7.0,2.0,39.42857142857143,1254,0.2833783054506206,0.06767404209390178,0.9005242645093922
1153077000,구로구,오류제1동,22994,4841,1153077000.0,22.0,7.0,43.95454545454545,1375,0.21053318256936593,0.05979820822823345,-0.005101632306937297
1153078000,구로구,오류제2동,35376,8676,1153078000.0,25.0,3.0,35.32,1980,0.24525101763907733,0.055970149253731345,0.280893080648103
1153079000,구로구,수궁동,21687,5702,1153079000.0,14.0,5.0,117.14285714285714,1466,0.2629224881265274,0.06759810024438603,0.6872344789593245
1153080000,구로구,항동,15946,2364,1153080000.0,12.0,2.0,36.75,436,0.14825034491408504,0.027342280195660353,-1.2734710986727895
1154551000,금천구,가산동,25532,3448,1154551000.0,10.0,6.0,25.0,1147,0.13504621651261162,0.0449240169199436,-1.0725060995906757
1154561000,금천구,독산제1동,47669,7569,1154561000.0,23.0,8.0,30.565217391304348,1949,0.1587824372233527,0.040886110470116845,-0.9042626288062278
1154562000,금천구,독산제2동,17067,4445,1154562000.0,7.0,6.0,22.142857142857142,1500,0.26044413195054783,0.08788890841975742,1.0513051423336655
1154563000,금천구,독산제3동,22557,5906,1154563000.0,5.0,3.0,35.0,1884,0.2618255973755375,0.08352174491288736,0.981728742323299
1154564000,금천구,독산제4동,13779,3644,1154564000.0,7.0,4.0,17.857142857142858,1117,0.2644604107700123,0.08106538936062123,0.9618332583751839
1154567000,금천구,시흥제1동,30956,7604,1154567000.0,20.0,9.0,50.75,2393,0.24563897144333893,0.07730326915622174,0.6946661323326988
1154568000,금천구,시흥제2동,19705,5151,1154568000.0,6.0,4.0,30.166666666666668,1278,0.26140573458513067,0.06485663537173306,0.6188710244639437
1154569000,금천구,시흥제3동,9904,2883,1154569000.0,4.0,4.0,12.5,702,0.29109450726978997,0.07088045234248788,1.0420168149470381
1154570000,금천구,시흥제4동,18232,5296,1154570000.0,4.0,2.0,30.0,1426,0.2904782799473453,0.0782141290039491,1.1764969291047123
1154571000,금천구,시흥제5동,17102,5145,1154571000.0,8.0,5.0,21.125,1799,0.3008420067828324,0.1051923751607999,1.8020032231288992
1156051500,영등포구,영등포본동,20241,4921,1156051500.0,11.0,4.0,27.181818181818183,1542,0.24312039918976336,0.07618200681784497,0.6470483149703169
1156053500,영등포구,영등포동,31197,3895,1156053500.0,9.0,5.0,40.0,1658,0.1248517485655672,0.053146135846395486,-1.020149144347523
1156054000,영등포구,여의동,33980,7133,1156054000.0,6.0,3.0,82.66666666666667,1075,0.20991759858740436,0.03163625662154208,-0.5523966004341283
1156055000,영등포구,당산제1동,21026,3853,1156055000.0,15.0,4.0,28.666666666666668,1019,0.1832493103776277,0.0484638067154951,-0.5053463403576977
1156056000,영등포구,당산제2동,36343,5508,1156056000.0,14.0,4.0,25.714285714285715,878,0.15155600803455962,0.02415871006796357,-1.3003875311855522
1156058500,영등포구,도림동,17543,3875,1156058500.0,9.0,3.0,29.22222222222222,1236,0.22088582340534685,0.07045545231716355,0.3068044591730696
1156060500,영등포구,문래동,31047,5299,1156060500.0,18.0,3.0,42.55555555555556,951,0.17067671594679035,0.030630978838535123,-0.9780661781890846
1156061000,영등포구,양평제1동,19453,2813,1156061000.0,11.0,2.0,21.272727272727273,707,0.14460494525266027,0.03634400863620007,-1.1383206351315733
1156062000,영등포구,양평제2동,22415,3227,1156062000.0,15.0,4.0,54.4,631,0.1439660941333928,0.028150791880437207,-1.3023073737683213
1156063000,영등포구,신길제1동,18934,4084,1156063000.0,11.0,3.0,36.0,1464,0.215696630400338,0.07732122108376466,0.38494168830362613
1156065000,영등포구,신길제3동,16042,3808,1156065000.0,9.0,2.0,72.22222222222223,1074,0.23737688567510284,0.06694925819723227,0.4102332233740251
1156066000,영등포구,신길제4동,11778,2807,1156066000.0,5.0,2.0,37.6,862,0.23832569196807607,0.07318729835286127,0.5398756916630613
1156067000,영등포구,신길제5동,9497,2379,1156067000.0,9.0,3.0,31.77777777777778,704,0.2505001579446141,0.07412867221227756,0.684030344237325
1156068000,영등포구,신길제6동,17698,3797,1156068000.0,11.0,2.0,31.0,938,0.2145440162730252,0.053000339021358346,-0.09413723425600393
1156069000,영등포구,신길제7동,19341,3137,1156069000.0,8.0,2.0,35.25,515,0.16219430225944884,0.026627371904244867,-1.1428054133007157
1156070000,영등포구,대림제1동,13186,3701,1156070000.0,8.0,2.0,34.375,1057,0.2806764750492947,0.0801607765812225,1.1123841029011161
1156071000,영등포구,대림제2동,11457,3134,1156071000.0,9.0,3.0,43.0,1015,0.2735445579121934,0.08859212708387885,1.2004742527370031
1156072000,영등포구,대림제3동,20689,5527,1156072000.0,12.0,3.0,59.916666666666664,1429,0.26714679298177774,0.0690705205664846,0.7592609484445981
1159051000,동작구,노량진제1동,33529,6835,1159051000.0,22.0,2.0,43.27272727272727,1678,0.20385338065555192,0.050046228637895554,-0.2615856214248078
1159052000,동작구,노량진제2동,7615,1847,1159052000.0,2.0,1.0,45.0,785,0.24254760341431386,0.103086014445174,1.1578750232233022
1159053000,동작구,상도제1동,43968,8563,1159053000.0,19.0,4.0,46.89473684210526,1853,0.19475527656477437,0.04214428675400291,-0.5075778758482699
1159054000,동작구,상도제2동,26716,5079,1159054000.0,13.0,2.0,57.69230769230769,1005,0.19011079502919598,0.03761790687228627,-0.6426143859543547
1159055000,동작구,상도제3동,23331,5419,1159055000.0,6.0,1.0,48.166666666666664,1346,0.23226608375123226,0.057691483434057694,0.17948951577382644
1159056000,동작구,상도제4동,28647,6289,1159056000.0,10.0,2.0,27.4,1785,0.2195343316926729,0.062310189548643834,0.13635901440008813
1159060500,동작구,흑석동,29844,5833,1159060500.0,18.0,3.0,62.27777777777778,1152,0.19544967162578744,0.038600723763570564,-0.5684499693302707
1159062000,동작구,사당제1동,22100,4388,1159062000.0,5.0,2.0,38.2,1176,0.19855203619909503,0.05321266968325792,-0.255664563071741
1159063000,동작구,사당제2동,27594,6557,1159063000.0,11.0,2.0,54.63636363636363,1360,0.237624121185765,0.049286076683336955,0.07352818935392921
1159064000,동작구,사당제3동,23223,5399,1159064000.0,12.0,1.0,46.083333333333336,1005,0.23248503638634113,0.04327606252422168,-0.09512709002996503
1159065000,동작구,사당제4동,13549,3241,1159065000.0,8.0,2.0,37.5,852,0.2392058454498487,0.06288286958447117,0.351068000410722
1159065100,동작구,사당제5동,13631,2758,1159065100.0,8.0,2.0,61.5,636,0.20233291761426161,0.04665835228523219,-0.34240342856235795
1159066000,동작구,대방동,33466,6204,1159066000.0,18.0,4.0,48.111111111111114,1491,0.1853821789278671,0.044552680332277536,-0.5583822254364141
1159067000,동작구,신대방제1동,22795,4705,1159067000.0,11.0,1.0,103.0909090909091,1175,0.20640491335819258,0.05154639175257732,-0.2063487497097775
1159068000,동작구,신대방제2동,21991,3989,1159068000.0,7.0,1.0,27.857142857142858,894,0.18139238779500705,0.040652994406802784,-0.6746018450088087
1162052500,관악구,보라매동,22892,5264,1162052500.0,6.0,2.0,34.833333333333336,1412,0.22994932727590425,0.061680936571728115,0.23212560115242062
1162054500,관악구,청림동,14155,3149,1162054500.0,7.0,3.0,59.857142857142854,781,0.22246555987283645,0.055174849876368774,0.02966155016594281
1162056500,관악구,성현동,29398,6455,1162056500.0,11.0,3.0,32.18181818181818,1715,0.2195727600517042,0.0583373018572692,0.06044778060353127
1162057500,관악구,행운동,28378,5018,1162057500.0,6.0,2.0,29.666666666666668,1414,0.1768271195996899,0.04982733103108041,-0.5456617522359932
1162058500,관악구,낙성대동,17739,2265,1162058500.0,5.0,2.0,40.2,658,0.12768476238795873,0.03709341000056373,-1.299144232156899
1162059500,관악구,청룡동,36060,5419,1162059500.0,11.0,3.0,23.818181818181817,1664,0.15027731558513588,0.04614531336661121,-0.8913217370477887
1162060500,관악구,은천동,31284,6857,1162060500.0,10.0,1.0,21.9,1812,0.21918552614755146,0.05792098197161488,0.04844130462139514
1162061500,관악구,중앙동,15147,2710,1162061500.0,5.0,2.0,15.0,893,0.17891331616821812,0.058955568759490325,-0.34872756166945695
1162062500,관악구,인헌동,24971,4757,1162062500.0,7.0,1.0,21.714285714285715,1181,0.19050098113812022,0.047294862039966364,-0.45270382582211993
1162063000,관악구,남현동,17157,3418,1162063000.0,3.0,1.0,17.666666666666668,768,0.19921897767675,0.044763070466864834,-0.41105357015846267
1162064500,관악구,서원동,22797,3891,1162064500.0,6.0,1.0,26.833333333333332,1071,0.17068035267798395,0.04697986577181208,-0.6640075187463488
1162065500,관악구,신원동,17153,3673,1162065500.0,4.0,1.0,28.0,1218,0.21413163878038827,0.07100798694105988,0.24747399785656043
1162066500,관악구,서림동,23572,4280,1162066500.0,4.0,1.0,20.25,1171,0.18157135584591888,0.049677583573731546,-0.49940887306516024
1162068500,관악구,신사동,22073,4109,1162068500.0,4.0,1.0,41.75,1312,0.1861550310333892,0.05943913378335523,-0.26444759073520785
1162069500,관악구,신림동,23533,2228,1162069500.0,5.0,1.0,13.6,855,0.09467556197679854,0.03633195937619513,-1.6555980386600593
1162071500,관악구,난향동,14266,3321,1162071500.0,7.0,2.0,27.714285714285715,781,0.23279125192766018,0.05474554885742324,0.12834392444108864
1162072500,관악구,조원동,19910,3558,1162072500.0,5.0,1.0,25.2,1072,0.1787041687594174,0.0538422903063787,-0.4491066157827028
1162073500,관악구,대학동,25069,3665,1162073500.0,5.0,3.0,1125.2,1176,0.14619649766644063,0.04691052694563006,-0.9188830017312519
1162074500,관악구,삼성동,19909,6391,1162074500.0,11.0,2.0,19.363636363636363,1862,0.3210105982219097,0.09352554121251695,1.7867694391772937
1162076500,관악구,미성동,28303,7169,1162076500.0,10.0,2.0,21.2,1748,0.2532947037416528,0.06176023743066106,0.475402864096125
1162077500,관악구,난곡동,24031,6463,1162077500.0,8.0,2.0,23.875,2038,0.26894428030460654,0.08480712413133036,1.0801354845711124
1165051000,서초구,서초1동,20034,3647,1165051000.0,5.0,3.0,13.4,734,0.18204053109713486,0.036637715882998904,-0.745013369644365
1165052000,서초구,서초2동,24832,3462,1165052000.0,4.0,3.0,23.25,497,0.13941688144329897,0.02001449742268041,-1.5056947028280492
1165053000,서초구,서초3동,32113,5811,1165053000.0,11.0,5.0,28.454545454545453,1008,0.18095475352660917,0.03138915703920531,-0.857068802772
1165053100,서초구,서초4동,29962,4921,1165053100.0,5.0,3.0,22.8,576,0.16424137240504638,0.01922435084440291,-1.263800301924125
1165054000,서초구,잠원동,34069,5186,1165054000.0,7.0,4.0,13.285714285714286,824,0.15222049370395374,0.024186210337843787,-1.292978209019097
1165055000,서초구,반포본동,204,40,1165055000.0,1.0,1.0,8.0,11,0.19607843137254902,0.05392156862745098,-0.26766392300429415
1165056000,서초구,반포1동,33083,4588,1165056000.0,9.0,7.0,21.666666666666668,849,0.13868149805035818,0.025662727080373607,-1.404821712597808
1165057000,서초구,반포2동,26533,4034,1165057000.0,6.0,5.0,19.166666666666668,386,0.15203708589303885,0.014547921456299703,-1.4800047851059341
1165058000,서초구,반포3동,23580,3723,1165058000.0,5.0,3.0,15.6,532,0.1578880407124682,0.022561492790500424,-1.2654944095946274
1165058100,서초구,반포4동,17878,3337,1165058100.0,3.0,1.0,10.333333333333334,468,0.18665398814185033,0.026177424767871126,-0.8981543921076305
1165059000,서초구,방배본동,19822,3634,1165059000.0,4.0,2.0,15.25,632,0.18333165170013116,0.03188376551306629,-0.8229545423470018
1165060000,서초구,방배1동,16309,3452,1165060000.0,5.0,2.0,8.4,674,0.21166227236495186,0.04132687473174321,-0.34819715174642324
1165061000,서초구,방배2동,17377,4056,1165061000.0,10.0,3.0,13.8,859,0.2334119813546642,0.04943315877309087,0.032734263463445185
1165062000,서초구,방배3동,15372,3364,1165062000.0,5.0,3.0,15.6,394,0.21883944834764507,0.025631017434296122,-0.5753515262360853
1165062100,서초구,방배4동,25660,4358,1165062100.0,9.0,6.0,16.88888888888889,777,0.16983632112236946,0.030280592361652377,-0.993498967448406
1165065100,서초구,양재1동,40218,8692,1165065100.0,23.0,6.0,16.782608695652176,1945,0.21612213436769606,0.048361430205380675,-0.1668967326515571
1165065200,서초구,양재2동,20774,3693,1165065200.0,8.0,3.0,20.5,1016,0.17777028978530857,0.04890728795609897,-0.5535664245649597
1165066000,서초구,내곡동,16563,3933,1165066000.0,22.0,7.0,20.863636363636363,733,0.23745698243071908,0.04425526776550142,-0.024831809906950802
1168051000,강남구,신사동,14969,3275,1168051000.0,1.0,1.0,40.0,570,0.2187854900126929,0.03807869597167479,-0.3368216964889944
1168052100,강남구,논현1동,20589,3311,1168052100.0,3.0,2.0,57.666666666666664,882,0.16081402690757202,0.04283840885909952,-0.84572566887519
1168053100,강남구,논현2동,20085,3447,1168053100.0,4.0,1.0,23.75,712,0.17162061239731144,0.035449340303709234,-0.8757430110214821
1168054500,강남구,압구정동,25429,5664,1168054500.0,4.0,1.0,42.75,897,0.22273781902552203,0.03527468638169019,-0.34975114805281504
1168056500,강남구,청담동,26344,4932,1168056500.0,2.0,2.0,42.5,766,0.18721530519283328,0.029076829638627393,-0.8366513729036922
1168058000,강남구,삼성1동,12752,2712,1168058000.0,4.0,1.0,12.0,455,0.21267252195734002,0.035680677540777916,-0.44618471414816313
1168059000,강남구,삼성2동,30171,4381,1168059000.0,4.0,3.0,30.75,802,0.14520566106526134,0.0265818169765669,-1.3196070446125987
1168060000,강남구,대치1동,23509,3058,1168060000.0,1.0,1.0,118.0,255,0.13007784252839338,0.010846909694159683,-1.7784918420927318
1168061000,강남구,대치2동,38227,6350,1168061000.0,2.0,1.0,25.0,701,0.16611295681063123,0.018337824051063385,-1.2614469756904163
1168063000,강남구,대치4동,18018,2361,1168063000.0,2.0,1.0,18.5,582,0.13103563103563104,0.032301032301032304,-1.356493683968961
1168064000,강남구,역삼1동,34228,4252,1168064000.0,10.0,1.0,25.5,1223,0.12422578006310622,0.03573098048381442,-1.3611327231242014
1168065000,강남구,역삼2동,35942,4188,1168065000.0,4.0,1.0,38.5,781,0.11652106171053364,0.021729453007623394,-1.7098534072882052
1168065500,강남구,도곡1동,20764,3558,1168065500.0,2.0,1.0,30.5,538,0.17135426700057793,0.02591022924292044,-1.0617234945016927
1168065600,강남구,도곡2동,31502,5805,1168065600.0,5.0,1.0,38.6,789,0.18427401434829535,0.025046028823566758,-0.9445315879849185
1168066000,강남구,개포1동,26479,4628,1168066000.0,2.0,1.0,14.0,585,0.17478001435099513,0.02209297934212017,-1.0995677840675677
1168067000,강남구,개포2동,40040,5836,1168067000.0,2.0,2.0,45.0,762,0.14575424575424575,0.01903096903096903,-1.4589589492579584
1168067500,강남구,개포3동,15404,3761,1168067500.0,5.0,2.0,60.8,1246,0.24415736172422747,0.08088808101791742,0.7481784761933264
1168069000,강남구,개포4동,22999,4247,1168069000.0,5.0,2.0,34.0,858,0.1846602026175051,0.03730596982477499,-0.7050497662340087
1168070000,강남구,세곡동,45640,8372,1168070000.0,11.0,3.0,49.72727272727273,1852,0.18343558282208589,0.04057843996494303,-0.6548754505979559
1168072000,강남구,일원본동,22246,4021,1168072000.0,5.0,2.0,36.6,571,0.18075159579250202,0.025667535736761664,-0.9690705666406273
1168073000,강남구,일원1동,14039,3891,1168073000.0,2.0,0.0,61.5,1259,0.27715649262768005,0.08967875204786666,1.2587491372585111
1168075000,강남구,수서동,13454,5538,1168075000.0,9.0,3.0,32.55555555555556,2530,0.4116247955998216,0.1880481641147614,4.540670676931805
1171051000,송파구,풍납1동,10596,3062,1171051000.0,5.0,1.0,29.2,855,0.2889769724424311,0.08069082672706682,1.2085212060628847
1171052000,송파구,풍납2동,22954,4697,1171052000.0,14.0,3.0,28.357142857142858,933,0.20462664459353488,0.040646510412128606,-0.4341229980434578
1171053100,송파구,거여1동,11770,3089,1171053100.0,8.0,2.0,27.125,837,0.26244689889549705,0.07111299915038233,0.749821861056509
1171053200,송파구,거여2동,22906,5317,1171053200.0,12.0,2.0,38.916666666666664,1390,0.23212258796821794,0.06068279053523094,0.2354590247728216
1171054000,송파구,마천1동,15079,4356,1171054000.0,8.0,3.0,37.125,1322,0.28887857284965845,0.08767159625969892,1.3415852501441108
1171055000,송파구,마천2동,16863,5140,1171055000.0,12.0,3.0,25.583333333333332,1593,0.30480934590523634,0.09446717665895749,1.63708309291302
1171056100,송파구,방이1동,14748,2832,1171056100.0,5.0,1.0,36.2,493,0.1920260374288039,0.03342826145918091,-0.7032535584596323
1171056200,송파구,방이2동,26301,4320,1171056200.0,2.0,1.0,31.0,1163,0.16425230979810654,0.044218850994258777,-0.7836055547318668
1171056600,송파구,오륜동,17369,3622,1171056600.0,4.0,1.0,26.75,350,0.20853244285796535,0.02015084345673326,-0.7873465427851043
1171057000,송파구,오금동,36911,8250,1171057000.0,16.0,2.0,29.3125,1736,0.2235106065942402,0.047032050066375876,-0.11591912614372338
1171058000,송파구,송파1동,22839,4140,1171058000.0,5.0,2.0,107.2,865,0.18126888217522658,0.03787381233854372,-0.7292619106385707
1171059000,송파구,송파2동,17616,3247,1171059000.0,7.0,1.0,31.857142857142858,467,0.18432107175295187,0.026509990917347865,-0.9159252530917403
1171060000,송파구,석촌동,29872,5529,1171060000.0,5.0,2.0,39.8,1479,0.18508971612212105,0.0495112479914301,-0.46616922363493385
1171061000,송파구,삼전동,28062,4841,1171061000.0,5.0,2.0,23.8,1367,0.17251086879053523,0.048713562825172835,-0.6117515670595183
1171062000,송파구,가락본동,24530,4884,1171062000.0,9.0,1.0,37.333333333333336,1086,0.19910313901345292,0.04427231960864248,-0.42167923233609295
1171063100,송파구,가락1동,27053,4597,1171063100.0,9.0,3.0,50.0,577,0.16992570140095367,0.021328503308320704,-1.1645205013940507
1171063200,송파구,가락2동,28431,5023,1171063200.0,7.0,1.0,36.142857142857146,854,0.17667334951285568,0.030037634975906582,-0.9273644136718451
1171064100,송파구,문정1동,19611,3917,1171064100.0,6.0,1.0,33.0,625,0.19973484269032685,0.031869868951098876,-0.6533574804669109
1171064200,송파구,문정2동,28548,4767,1171064200.0,6.0,2.0,41.0,592,0.1669819251786465,0.02073700434356172,-1.2063661155164533
1171064600,송파구,장지동,30689,5992,1171064600.0,8.0,2.0,73.0,1248,0.19524911205969567,0.040666036690670926,-0.5308574060236253
1171064700,송파구,위례동,44859,4703,1171064700.0,24.0,2.0,37.5,670,0.10483960855123832,0.014935687376000357,-1.9613123701924855
1171065000,송파구,잠실본동,26925,4572,1171065000.0,8.0,4.0,45.125,1244,0.1698050139275766,0.04620241411327762,-0.6880050194315497
1171067000,송파구,잠실2동,34460,4396,1171067000.0,4.0,1.0,100.5,577,0.12756819500870575,0.016744051073708646,-1.6912113554500692
1171068000,송파구,잠실3동,33358,6884,1171068000.0,5.0,2.0,41.6,788,0.20636728820672703,0.023622519335691587,-0.7430857368035435
1171069000,송파구,잠실4동,32554,5318,1171069000.0,5.0,1.0,27.4,616,0.16335934140197825,0.018922405848743627,-1.2787338174788159
1171071000,송파구,잠실6동,16060,3348,1171071000.0,4.0,3.0,47.5,399,0.20846824408468245,0.024844333748443338,-0.6978612120950095
1171072000,송파구,잠실7동,9294,2484,1171072000.0,4.0,2.0,63.75,291,0.2672692059393157,0.03131052291801162,0.03525401618058355
1174051500,강동구,강일동,34223,7237,1174051500.0,22.0,6.0,67.5,1758,0.21146597317593432,0.05136896239371183,-0.15734668954222764
1174052500,강동구,상일제1동,38853,6142,1174052500.0,15.0,5.0,115.8,817,0.15808303091138393,0.02102797724757419,-1.2929301564996982
1174052600,강동구,상일제2동,13130,2295,1174052600.0,8.0,3.0,70.875,569,0.1747905559786748,0.04333587204874333,-0.6914360786055871
1174053000,강동구,명일제1동,24707,5112,1174053000.0,14.0,7.0,33.142857142857146,1004,0.20690492572955033,0.040636256931234065,-0.41072709915169064
1174054000,강동구,명일제2동,16804,3285,1174054000.0,9.0,5.0,213.22222222222223,426,0.19548916924541776,0.02535110687931445,-0.82253276636189
1174055000,강동구,고덕제1동,23603,3572,1174055000.0,12.0,6.0,62.916666666666664,574,0.1513366944879888,0.024318942507308393,-1.2995809802907377
1174056000,강동구,고덕제2동,26176,4091,1174056000.0,7.0,3.0,93.71428571428571,882,0.15628820293398532,0.03369498777506112,-1.06821516451173
1174057000,강동구,암사제1동,32502,7733,1174057000.0,15.0,5.0,36.46666666666667,2204,0.23792382007261093,0.0678112116177466,0.4324529843741197
1174058000,강동구,암사제2동,14472,2934,1174058000.0,7.0,4.0,44.285714285714285,556,0.2027363184079602,0.03841901603095633,-0.4964829203474619
1174059000,강동구,암사제3동,16821,3330,1174059000.0,8.0,1.0,46.75,468,0.19796682718031033,0.027822364901016586,-0.7494086173417592
1174060000,강동구,천호제1동,23858,6298,1174060000.0,15.0,7.0,59.0,1948,0.2639785396931847,0.08164976108642803,0.9680675319368688
1174061000,강동구,천호제2동,36019,7720,1174061000.0,14.0,9.0,109.64285714285714,2371,0.21433132513395708,0.06582636941614148,0.15001601841261825
1174062000,강동구,천호제3동,27670,5905,1174062000.0,15.0,5.0,41.4,1855,0.2134080231297434,0.06704011564871702,0.1637677355533844
1174064000,강동구,성내제1동,18834,3826,1174064000.0,10.0,7.0,48.1,695,0.20314325156631624,0.03690134862482744,-0.5214194795832399
1174065000,강동구,성내제2동,23832,5338,1174065000.0,9.0,5.0,59.77777777777778,1741,0.2239845585767036,0.073053037932192,0.3887866367098895
1174066000,강동구,성내제3동,21516,4827,1174066000.0,15.0,10.0,52.4,1221,0.2243446737311768,0.05674846625766871,0.07934601089519436
1174068500,강동구,길동,47898,10725,1174068500.0,20.0,12.0,37.35,2662,0.22391331579606663,0.05557643325399808,0.05236725821917752
1174069000,강동구,둔촌제1동,32933,5033,1174069000.0,3.0,2.0,333.6666666666667,465,0.1528254334558042,0.01411957610906993,-1.4800684533613495
1174070000,강동구,둔촌제2동,25160,5410,1174070000.0,20.0,7.0,37.7,1143,0.21502384737678856,0.04542925278219396,-0.234589846454646
